year,race,driver,expected_position
2023,Monaco,VER,5.64
2023,Monaco,GAS,7.48
2023,Monaco,PER,15.21
2023,Monaco,ALO,5.08
2023,Monaco,LEC,6.18
2023,Monaco,STR,13.41
2023,Monaco,SAR,17.01
2023,Monaco,MAG,11.65
2023,Monaco,DEV,11.66
2023,Monaco,TSU,10.82
2023,Monaco,ALB,17.01
2023,Monaco,ZHO,17.52
2023,Monaco,HUL,13.11
2023,Monaco,OCO,6.24
2023,Monaco,NOR,10.53
2023,Monaco,HAM,6.24
2023,Monaco,SAI,5.39
2023,Monaco,RUS,4.46
2023,Monaco,BOT,17.97
2023,Monaco,PIA,10.63
